thebringerofdeath,0
voiceofcanada,0
friskyanalnymphos2,0
ditchjumpingreenactment,0
theeyeofthenight,0
kamenriderprimerogue,0
patching,0
realboyfriendsfuckraw,0
allapologies,0
thefriendshipoffish,0
snotporn,0
specialwarfare特战之王,1
梦想的声音,0
fonsi,0
шестьивановшестькапитанов,0
reiq,0
dischordia,0
cryptomonnaiesmonincroyableodyssée,0
swimsuitcalendargirls3,0
intracranialparasite,0
loureedsberlin,0
romancestormzone,0
หอแหวแหก5รอแหลกนะคะ,0
virtualdetectivetabitohigurashi,0
gamblingbaron,0
worshipofhumiliation,0
cyberwar2022,0
ozgrindvirtualrealityshowroom,1
iamapebble,0
omonstrodoesgoto,0
anonymousbodyinemptyroom,0
aconversationwithfessparker,0
kidsandguns,0
mcnsagonewild,0
eyeforaneye,0
separadas,0
missionpluto,0
shiftingsands,0
valgelillepäevtartus,0
nomorediapers,0
lordteminsfortress,1
multishowaovivoivetesangalo20anos,0
poisonradioedit,0
mrsundercover,0
moirāng,0
naraça,0
stickie,0
membran,0
greenteapengatglastonbury2022,0
nincskegyelem,0
deeporalladies12,0
aftermars,0
lilostitch,0
ameninabanda,0
discoveriesireland,0
alanparsonstheneverendingshowliveinthenetherlands,0
handmadebritainsbestwoodworker,0
transformersearthsparkexpedition,1
priscillaism,0
zootycoon,0
ahavideocollection19842010vol1,0
crystalvisionsthepowerofgemstones,0
cityofrottotherworld,0
steelcityheroes,0
attackoftheflesheatingmutants,0
linterview,0
lifesession,0
thebankersguidetoart,0
abusinesspower,1
sirensofchrome,0
heroicdeedamongtheice,0
tolovehonorandobey,0
hitechhitler,0
howweworkedcorpsecleaners,0
снайпероружиевозмездия,0
paralinesthelastpaladin,1
theroarofthevietnamese,0
hetsnellegeld,0
fondmemoriesofcuba,0
krautrocknachtvol5,0
applefritter,0
whyisdifficulttomakefilmsinkurdistan,0
ácsfruzsinavéletlenülszingli,0
kongupatti,0
myworkplace,0
godzillateenager,0
mirantalcel,0
bellelegrand,0
thelengths,0
downtofuckastranger12,0
touchyandfeelysissysawyer1,0
